total_customers,overall_churn_rate,avg_tenure_months,avg_monthly_charges,total_mrr,simple_clv_estimate
7032,0.26578498293515357,32.421786120591584,64.79820819112628,455661.0,2100.8736469702617
