monthly_quartile,customers,churned,churn_pct,avg_monthly
Q1,1758,199,11.32,22.246871444823665
Q2,1761,433,24.59,55.75039750141965
Q3,1755,659,37.55,80.33854700854701
Q4,1758,578,32.88,100.89897610921501
