avg_mrr_per_customer,total_mrr,avg_tenure_months,simple_clv_estimate
64.79820819112628,455661.0,32.421786120591584,2100.8736469702617
